"nSubmissionID","sItagID","dDateReviewed","sItagGovernanceType","sDecision","bConstraints","bActionItems","sContentType","sProductManufacturer","sProductName","dDateRequested","sTechnologyHostingModel","sApplicationHostingModel","sDeploymentType","sPurposeForEngagement","bNewITCapability","sITCapability","sBusinessCapability","bCurrentLicenses","sNumberOfUsers","bIntegrationRequired","sIntegrationMethod","bExternalDataSources","sDataObjectsInvolvedInIntegration","sSourceSystem","sTargetSystem","sProductNameWithManufacture","bOpenSource","nEstGaCost","nEstCapitalCost","sITClass"
"2","AIGB001.2016","11/21/2016","Application","Approved","False","False","AIGB Application Review","Devon","Existing 3rd Party and Internally Developed SharePoint Applications","12/15/2016","","Cloud Hosted Platform as a Service (PaaS)","Production","Seeking Approval","False","","Corporate :: Corporate Operations :: Corporate Communications","","Greater than 50","False","","False","","","","Devon | Existing 3rd Party and Internally Developed SharePoint Applications","No","0.0000","0.0000","Corporate :: Corporate Operations"
"1","AIGB002.2016","12/01/2016","Application","Approved","False","False","AIGB Application Review","SKC Inc","DataTrac 2000 4.30","12/15/2016","","On-Premises Hosted Application","Production","Seeking Approval","False","","Environment, Health and Safety","","Less than  25","False","","False","","","","SKC Inc | DataTrac 2000 4.30","No","0.0000","0.0000","Environment, Health and Safety"
"3","AIGB003.2016","12/01/2016","Application","Approved","False","True","AIGB Application Review","Stream Services","DataStream Pro","12/15/2016","","On-Premises Hosted Application","Production","Seeking Approval","False","","Geoscience","","Less than  25","False","","False","","","","Stream Services | DataStream Pro","No","0.0000","0.0000","Geoscience"
"4","AIGB004.2016","12/01/2016","Application","Approved","True","True","AIGB Application Review","PetraMode","EZLog","12/15/2016","","On-Premises Hosted Application","Production","Seeking Approval","False","","Geoscience :: Asset Exploration","","Less than  25","True","","False","","","","PetraMode | EZLog","No","10000","0.0000","Geoscience :: Asset Exploration"
"5","AIGB005.2016","12/01/2016","Application","Approved","False","False","AIGB Application Review","Blue Marble","Blue Marble - Geographic Calculator & SDK","12/15/2016","","On-Premises Hosted Application","Production","Seeking Approval","False","","Geoscience :: Asset Exploration","","Less than  25","True","","False","","","","Blue Marble | Blue Marble - Geographic Calculator & SDK","No","0.0000","0.0000","Geoscience :: Asset Exploration"
"6","AIGB006.2016","12/01/2016","Application","Approved","False","False","AIGB Application Review","Zeiss","ZEN and ZEN Lite","12/15/2016","","On-Premises Hosted Application","Production","Seeking Approval","False","","Geoscience :: Asset Exploration","","Not Known at this Time","True","","False","","","","Zeiss | ZEN and ZEN Lite","No","10000","0.0000","Geoscience :: Asset Exploration"
"8","AIGB007.2016","12/15/2016","Application","Approved","False","False","AIGB Application Review","3GIG","Prospect Director","12/15/2016","","On-Premises Hosted Application","Production","Seeking Approval","False","","Enterprise :: Project and Program Management :: Project Optimization","","Less than  25","False","","False","","","","3GIG | Prospect Director","No","72000","0.0000","Enterprise :: Project and Program Management"
"7","AIGB008.2016","12/15/2016","Application","Approved","False","True","AIGB Application Review","Prometheus Group","Prometheus Mobile Solutions","12/15/2016","","On-Premises Hosted Application","Production","Seeking Approval","False","","Asset :: Asset Management","","Greater than 50","True","","False","","","","Prometheus Group | Prometheus Mobile Solutions","No","272160","0.0000","Asset :: Asset Management"
"55","TGB033.2016","12/08/2016","Technology","Approved","True","False","TGB Technology Review","Citrix","Goto Assist","12/15/2016","On-Premises Operations & Automation","","Production","Seeking Approval","False","End User Computing :: Endpoint Computing :: Desktop Computing Management :: User Session Shadowing","","","","False","","False","","","","Citrix | Goto Assist","No","0.0000","0.0000","End User Computing :: Endpoint Computing"
"53","TGB032.2016","11/10/2016","Technology","Approved","False","False","TGB Technology Review","DevExpress","WPF Controls","12/15/2016","On-Premises Platform","","Production","Seeking Approval","False","Middleware & Platform :: Application Platform Services :: Application Development Lifecycle Management :: Integrated Development Environments (IDE)","","","","False","","False","","","","DevExpress | WPF Controls","No","0.0000","0.0000","Middleware & Platform :: Application Platform Services"
"21","TGB027.2016","11/10/2016","Technology","Approved","False","False","TGB Technology Review","Bridge Communications","Lync (Skype for Business) Integration for Cisco Call Manager (LICC)","12/15/2016","On-Premises Infrastructure","","Production","Seeking Approval","False","Infrastructure :: Voice & Data Communications","","","","False","","False","","","","Bridge Communications | Lync (Skype for Business) Integration for Cisco Call Manager (LICC)","No","0.0000","0.0000","Infrastructure :: Voice & Data Communications"
"54","TGB028.2016","11/10/2016","Technology","Approved","True","False","TGB Technology Review","Microsoft","Window Server 2016, HyperV","12/15/2016","On-Premises Infrastructure","","Production","Seeking Approval","False","Infrastructure :: Datacenter Computing :: Compute Virtualization :: Hypervisor Virtualization","","","","False","","False","","","","Microsoft | Window Server 2016, HyperV","No","0.0000","0.0000","Infrastructure :: Datacenter Computing"
"26","TGB029.2016","11/10/2016","Technology","Approved","False","True","TGB Technology Review","Citrix","XenServer","12/15/2016","On-Premises Infrastructure","","Production","Seeking Approval","False","End User Computing :: Application Delivery :: Desktop Presentation","","","","False","","False","","","","Citrix | XenServer","No","0.0000","0.0000","End User Computing :: Application Delivery"
"20","TGB030.2016","11/10/2016","Technology","Approved","False","False","TGB Technology Review","Expertise Locator","Expertise Locator","12/15/2016","On-Premises Platform","","Proof of Concept/Technology","Seeking Approval","True","Information Delivery :: Content Delivery :: Search :: Search Index Management","","","","False","","False","","","","Expertise Locator | Expertise Locator","No","0.0000","0.0000","Information Delivery :: Content Delivery"
"25","TGB031.2016","11/10/2016","Technology","Approved","True","True","TGB Technology Review","Trello","Trello","12/15/2016","Cloud Hosted Software as a Service (SaaS)","","Production","Seeking Approval","False","Information Delivery :: Content Delivery :: Knowledge Management :: Team & Workgroup Collaboration","","","","False","","False","","","","Trello | Trello","No","0.0000","0.0000","Information Delivery :: Content Delivery"
"22","TGB026.2016","10/27/2016","Technology","Approved","False","False","TGB Technology Review","GoPhish","GoPhish","12/15/2016","On-Premises Digital Security","","Production","Seeking Approval","False","Digital Security :: Preventative Security :: Vulnerability Assessment","","","","False","","False","","","","GoPhish | GoPhish","Yes","0.0000","0.0000","Digital Security :: Preventative Security"
"44","TGB024.2016","10/27/2016","Technology","Approved","True","True","TGB Technology Review","Securonix","SNYPR","12/15/2016","On-Premises Digital Security","","Production","Seeking Approval","False","Digital Security :: Detective Security :: Host Based Forensics :: Raw Data Analytics","","","","False","","False","","","","Securonix | SNYPR","No","300000","0.0000","Digital Security :: Detective Security"
"32","TGB022.2016","10/13/2016","Technology","Approved","True","True","TGB Technology Review","HangFire.io","HangFire","12/15/2016","On-Premises Platform","","Production","Seeking Approval","False","Middleware & Platform :: Application Platform Services :: Application Development Framework Services :: Web Application Platform","","","","False","","False","","","","HangFire.io | HangFire","Yes","0.0000","0.0000","Middleware & Platform :: Application Platform Services"
"24","TGB021.2016","10/13/2016","Technology","Approved","True","False","TGB Technology Review","SAS","SAS Deep Analytics Suite","12/15/2016","On-Premises Platform","","Production","Seeking Approval","False","Information Delivery :: Reporting & Analytics :: Analytics","","","","False","","False","","","","SAS | SAS Deep Analytics Suite","No","0.0000","0.0000","Information Delivery :: Reporting & Analytics"
"39","TGB020.2016","09/29/2016","Cloud Use Case","Approved","False","True","TGB Technology Review","Microsoft","Calgary OSI Soft PI - Azure Iaas","12/15/2016","Cloud Hosted Infrastructure as a Service (IaaS)","","Production","Seeking Approval","False","Middleware & Platform :: Integration & Data Management :: Business Process Management (BPM) & Workflow :: Machine Workflow","","","","False","","False","","","","Microsoft | Calgary OSI Soft PI - Azure Iaas","No","0.0000","0.0000","Middleware & Platform :: Integration & Data Management"
"38","TGB019.2016","09/29/2016","Cloud Use Case","Approved","False","True","TGB Technology Review","Microsoft","OSISoft PI - Azure IaaS","12/15/2016","Cloud Hosted Infrastructure as a Service (IaaS)","","Production","Raise Awareness","False","Middleware & Platform :: Integration & Data Management :: Business Process Management (BPM) & Workflow :: Machine Workflow","","","","False","","False","","","","Microsoft | OSISoft PI - Azure IaaS","No","0.0000","0.0000","Middleware & Platform :: Integration & Data Management"
"45","TGB018.2016","10/13/2016","Technology","Approved","False","False","TGB Technology Review","ServiceNow","ServiceNow IT Service Management Suite","12/15/2016","Cloud Hosted Software as a Service (SaaS)","","Production","Seeking Approval","False","Infrastructure :: Infrastructure Management :: Monitoring & Event Correlation","","","","False","","False","","","","ServiceNow | ServiceNow IT Service Management Suite","No","0.0000","0.0000","Infrastructure :: Infrastructure Management"
"33","TGB017.2016","10/13/2016","Technology","Approved","True","False","TGB Technology Review","Hewlett Packard (HPE)","HPE Service Assistance","12/15/2016","On-Premises Operations & Automation","","Production","Seeking Approval","False","Infrastructure :: Infrastructure Management :: Monitoring & Event Correlation","","","","False","","False","","","","Hewlett Packard (HPE) | HPE Service Assistance","No","0.0000","0.0000","Infrastructure :: Infrastructure Management"
"30","TGB016.2016","09/29/2016","Technology","Approved","False","False","TGB Technology Review","EQUINIX","Cloud Exchange","12/15/2016","On-Premises Infrastructure","","Production","Seeking Approval","False","Infrastructure :: Voice & Data Communications :: Network Transport","","","","False","","False","","","","EQUINIX | Cloud Exchange","No","300000","90000","Infrastructure :: Voice & Data Communications"
"43","TGB015.2016","09/01/2016","Technology","Approved","False","True","TGB Technology Review","Sailpoint","Sailpoint","12/15/2016","Cloud Hosted Software as a Service (SaaS)","","Production","Seeking Approval","False","Digital Security :: Identity & Access Management :: Identity Management (IdM)","","","","False","","False","","","","Sailpoint | Sailpoint","No","62000","1200000","Digital Security :: Identity & Access Management"
"46","TGB014.2016","09/01/2016","Technology","No Decision (ITAG Informed Only)","False","True","TGB Technology Review","Streamsets","Streamsets Data Connector","12/15/2016","On-Premises Platform","","Proof of Concept/Technology","Seeking Approval","False","Middleware & Platform :: Integration & Data Management :: Data Integration :: Complex Event Processing","","","","False","","False","","","","Streamsets | Streamsets Data Connector","No","0.0000","0.0000","Middleware & Platform :: Integration & Data Management"
"37","TGB013.2016","09/01/2016","Technology","No Decision (ITAG Informed Only)","False","False","TGB Technology Review","Microsoft","Windows 10","12/15/2016","On-Premises Infrastructure","","Production","Seeking Approval","False","End User Computing :: Endpoint Computing :: Desktop Computing :: Desktop Operating Systems","","","","False","","False","","","","Microsoft | Windows 10","No","0.0000","0.0000","End User Computing :: Endpoint Computing"
"28","TGB012.2016","09/08/2016","Technology","Approved","False","False","TGB Technology Review","Dell / Startech","New general purpose Desktop Hardware and docking solution","12/15/2016","On-Premises Infrastructure","","Production","Seeking Approval","False","End User Computing :: Endpoint Computing :: Desktop Computing :: Desktop Hardware and Peripherals","","","","False","","False","","","","Dell / Startech | New general purpose Desktop Hardware and docking solution","No","0.0000","0.0000","End User Computing :: Endpoint Computing"
"31","TGB011.2016","08/18/2016","Technology","Approved","False","True","TGB Technology Review","Google","Chrome Browser","12/15/2016","On-Premises Infrastructure","","Production","Seeking Approval","False","End User Computing :: Worker Productivity Tools","","","","False","","False","","","","Google | Chrome Browser","No","0.0000","0.0000","End User Computing :: Worker Productivity Tools"
"35","TGB010.2016","08/18/2016","Technology","Approved","False","False","TGB Technology Review","Microsoft","Next Generation OneDrive Sync Client","12/15/2016","On-Premises Infrastructure","","Production","Seeking Approval","False","End User Computing :: Worker Productivity Tools","","","","False","","False","","","","Microsoft | Next Generation OneDrive Sync Client","No","0.0000","0.0000","End User Computing :: Worker Productivity Tools"
"36","TGB009.2016","08/18/2016","Technology","Approved","False","False","TGB Technology Review","Microsoft","OneDrive Univeral App","12/15/2016","On-Premises Infrastructure","","Production","Seeking Approval","False","End User Computing :: Worker Productivity Tools","","","","False","","False","","","","Microsoft | OneDrive Univeral App","No","0.0000","0.0000","End User Computing :: Worker Productivity Tools"
"48","TGB008.2016","08/18/2016","Technology","Approved","True","True","TGB Technology Review","Microsoft","Office 365 Yammer | Well-Centric Collaboration Tools","12/15/2016","Cloud Hosted Software as a Service (SaaS)","","Pilot (Small Production Sample)","Seeking Approval","False","Information Delivery :: Content Delivery :: Knowledge Management :: Business Social","","","","False","","False","","","","Microsoft | Office 365 Yammer | Well-Centric Collaboration Tools","No","0.0000","0.0000","Information Delivery :: Content Delivery"
"42","TGB007.2016","08/18/2016","Technology","Approved","False","True","TGB Technology Review","RedHat","Satellite Server 6.X","12/15/2016","On-Premises Infrastructure","","Production","Seeking Approval","False","Infrastructure :: Infrastructure Management :: Physical Infrastructure Management","","","","False","","False","","","","RedHat | Satellite Server 6.X","No","0.0000","0.0000","Infrastructure :: Infrastructure Management"
"51","TGB006.2016","08/18/2016","Technology","Approved","True","True","TGB Technology Review","Puppet Labs","Puppet  w/Foreman console","12/15/2016","On-Premises Infrastructure","","Production","Seeking Approval","False","Infrastructure :: Infrastructure Management :: Cloud Management Platform :: Infrastructure Orchestration","","","","False","","False","","","","Puppet Labs | Puppet  w/Foreman console","Yes","0.0000","0.0000","Infrastructure :: Infrastructure Management"
"49","TGB005.2016","08/18/2016","Technology","Approved","True","False","TGB Technology Review","Node.js Foundation","Node.js and npm","12/15/2016","On-Premises Platform","","Production","Seeking Approval","False","Middleware & Platform :: Application Platform Services :: Application Server Services :: Other Application Server Services","","","","False","","False","","","","Node.js Foundation | Node.js and npm","Yes","0.0000","0.0000","Middleware & Platform :: Application Platform Services"
"27","TGB004.2016","07/21/2016","Technology","Approved","False","False","TGB Technology Review","Cloudera","Impala ODBC Driver","12/15/2016","On-Premises Platform","","Production","Seeking Approval","False","Middleware & Platform :: Integration & Data Management :: Data Management","","","","False","","False","","","","Cloudera | Impala ODBC Driver","No","0.0000","0.0000","Middleware & Platform :: Integration & Data Management"
"50","TGB003.2016","07/21/2016","Technology","Approved","False","True","TGB Technology Review","Palo Alto Networks","Palo Alto Next Generation Firewall","12/15/2016","On-Premises Infrastructure","","Production","Seeking Approval","False","Digital Security :: Preventative Security :: Network Access Management & Control :: Network Firewall Security","","","","False","","False","","","","Palo Alto Networks | Palo Alto Next Generation Firewall","No","0.0000","0.0000","Digital Security :: Preventative Security"
"34","TGB002.2016","06/23/2016","Technology","Denied","False","True","TGB Technology Review","Jetbrains","TeamCity","12/15/2016","On-Premises Platform","","Production","Seeking Approval","False","Middleware & Platform :: Application Platform Services :: Application Development Lifecycle Management","","","","False","","False","","","","Jetbrains | TeamCity","No","0.0000","0.0000","Middleware & Platform :: Application Platform Services"
"47","TGB001.2016","06/23/2016","Technology","Approved","False","False","TGB Technology Review","Devon","Attribute Assisted Seismic Processing & Interpretation (AASPI)","12/15/2016","On-Premises Platform","","Production","Seeking Approval","False","Infrastructure :: Datacenter Computing :: Grid Computing","","","","False","","False","","","","Devon | Attribute Assisted Seismic Processing & Interpretation (AASPI)","No","0.0000","0.0000","Infrastructure :: Datacenter Computing"
"19","AIGB009.2017","02/08/2017","Application","Approved","False","False","AIGB Application Review","GoAnimate","GoAnimate","12/15/2016","","Cloud Hosted Software as a Service (SaaS)","Production","Seeking Approval","False","","Human Resources :: Employee Management :: Career Management","","Less than  25","False","","False","","","","GoAnimate | GoAnimate","No","0.0000","0.0000","Human Resources :: Employee Management"
"11","AIGB002.2017","01/12/2017","Application","Approved","True","False","AIGB Application Review","Schlumberger","Avocet","12/15/2016","","On-Premises Hosted Application","Pilot (Small Production Sample)","Raise Awareness","False","","Operations :: Production Optimization","","Not Known at this Time","True","","False","","","","Schlumberger | Avocet","No","0.0000","0.0000","Operations :: Production Optimization"
"10","AIGB003.2017","01/12/2017","Application","Approved","True","False","AIGB Application Review","BakerHughes","FieldPulse (pilot)","12/15/2016","","On-Premises Hosted Application","Pilot (Small Production Sample)","Raise Awareness","False","","Operations :: Production Optimization","","Not Known at this Time","True","","False","","","","BakerHughes | FieldPulse (pilot)","No","0.0000","0.0000","Operations :: Production Optimization"
"12","AIGB004.2017","01/12/2017","Application","Approved","True","False","AIGB Application Review","Energy Navigator","Value Navigator 2016 V2","12/15/2016","","On-Premises Hosted Application","Production","Seeking Approval","False","","Engineering :: Reservoir Characterization","","Greater than 50","True","","False","","","","Energy Navigator | Value Navigator 2016 V2","No","0.0000","0.0000","Engineering :: Reservoir Characterization"
"58","TGB001.2017","01/19/2017","Technology","Approved","True","False","TGB Technology Review","ThreatConnect","ThreatConnect","02/04/2017","Hybrid (Contains both cloud based and on premise components)","","Proof of Concept/Technology","Seeking Approval","False","Digital Security :: Preventative Security :: Threat Intelligence Analytics","","","","False","","False","","","","ThreatConnect | ThreatConnect","No","0.0000","0.0000","Digital Security :: Preventative Security"
"57","TGB002.2017","01/19/2017","Technology","Approved","True","False","TGB Technology Review","Demisto","Demisto Enterprise","02/04/2017","Hybrid (Contains both cloud based and on premise components)","","Proof of Concept/Technology","Seeking Approval","False","Digital Security :: Identity & Access Management :: Authorization","","","","False","","False","","","","Demisto | Demisto Enterprise","No","0.0000","0.0000","Digital Security :: Identity & Access Management"
"61","TGB003.2017","01/19/2017","Technology","Approved","True","False","TGB Technology Review","Microsoft","Azure Event Hub","02/04/2017","Cloud Hosted Platform as a Service (PaaS)","","Proof of Concept/Technology","Seeking Approval","False","Middleware & Platform :: Integration & Data Management :: Data Integration :: Complex Event Processing","","","","False","","False","","","","Microsoft | Azure Event Hub","No","0.0000","0.0000","Middleware & Platform :: Integration & Data Management"
"13","AIGB005.2017","01/26/2017","Application","Approved","False","False","AIGB Application Review","FEI","PerGeos for Digital Rock and Core Analysis","12/15/2016","","On-Premises Hosted Application","Pilot (Small Production Sample)","Seeking Approval","False","","Geoscience :: Asset Exploration :: Geologic Modeling","","Not Known at this Time","False","","False","","","","FEI | PerGeos for Digital Rock and Core Analysis","No","24600","24600","Geoscience :: Asset Exploration"
"14","AIGB006.2017","01/26/2017","Application","Approved","False","True","AIGB Application Review","Devon","Inventory Management Tool","12/15/2016","","Cloud Hosted Platform as a Service (PaaS)","Production","Consultation/Guidance","False","","Engineering :: Reservoir Characterization","","Greater than 50","False","","False","","","","Devon | Inventory Management Tool","No","0.0000","0.0000","Engineering :: Reservoir Characterization"
"15","AIGB007.2017","01/26/2017","Application","Approved","False","False","AIGB Application Review","OfficeWork Software","OrgChart Now","12/15/2016","","Cloud Hosted Software as a Service (SaaS)","Production","Seeking Approval","False","","Human Resources","","Less than  25","True","","False","","","","OfficeWork Software | OrgChart Now","No","11490","0.0000","Human Resources"
"17","AIGB010.2017","01/26/2017","Application","Approved","True","False","AIGB Application Review","Microsoft","Office 365 Video (Stream)","12/15/2016","","Cloud Hosted Software as a Service (SaaS)","Pilot (Small Production Sample)","Seeking Approval","False","","Enterprise :: Data and Information Management :: Content Management","","Greater than 50","False","","False","","","","Microsoft | Office 365 Video (Stream)","No","0.0000","0.0000","Enterprise :: Data and Information Management"
"68","TGB004.2017","02/02/2017","Technology","Approved","False","False","TGB Technology Review","Microsoft","Information Rights Management","02/04/2017","Cloud Hosted Software as a Service (SaaS)","","Pilot (Small Production Sample)","Seeking Approval","True","Digital Security :: Identity & Access Management :: Authorization :: Information Rights Management (IRM)","","","","False","","False","","","","Microsoft | Information Rights Management","No","0.0000","0.0000","Digital Security :: Identity & Access Management"
"67","TGB005.2017","02/02/2017","Technology","Approved","False","False","TGB Technology Review","Veracode","Veracode Application Security Software","02/04/2017","Cloud Hosted Software as a Service (SaaS)","","Production","Seeking Approval","True","Digital Security :: Preventative Security :: Host Access Management & Control :: Malware Protection","","","","False","","False","","","","Veracode | Veracode Application Security Software","No","45000","0.0000","Digital Security :: Preventative Security"
"69","TGB006.2017","02/02/2017","Technology","No Decision (ITAG Informed Only)","False","False","TGB Technology Review","Devon","Inventory Management Tool in Microsoft Azure","02/04/2017","Cloud Hosted Platform as a Service (PaaS)","","Production","Seeking Approval","False","Middleware & Platform :: Application Platform Services :: Application Development Lifecycle Management","","","","False","","False","","","","Devon | Inventory Management Tool in Microsoft Azure","No","0.0000","0.0000","Middleware & Platform :: Application Platform Services"
"72","AIGB008.2017","02/23/2017","Application","Approved","False","False","AIGB Application Review","Vertex, Inc.","Vertex Indirect Tax O Series  (i.e. Vertex O Series)","03/08/2017","","Hybrid (Contains both cloud based and on premises components)","Production","Seeking Approval","False","","Corporate :: Corporate Management :: Public Relations","","Less than  25","True","","False","","","","Vertex, Inc. | Vertex Indirect Tax O Series  (i.e. Vertex O Series)","No","21500","148100","Corporate :: Corporate Management"
"75","AIGB011.2017","02/23/2017","Application","Approved","False","False","AIGB Application Review","CGG Hampson-Russell","Hampson-Russell (RockSI and GeoSI modules)","02/15/2017","","On-Premises Hosted Application","Pilot (Small Production Sample)","Raise Awareness","False","","Geoscience","","Less than  25","True","","False","","","","CGG Hampson-Russell | Hampson-Russell (RockSI and GeoSI modules)","No","20000","0.0000","Geoscience"
"70","TGB007.2017","03/02/2017","Technology","Approved","False","False","TGB Technology Review","EPI Use Labs","Data Sync Manager","03/07/2017","On-Premises Infrastructure","","Production","Seeking Approval","True","Information Delivery :: Content Delivery :: Enterprise Content Management","","","","False","","False","","","","EPI Use Labs | Data Sync Manager","No","100000","0.0000","Information Delivery :: Content Delivery"
"74","TGB008.2017","03/02/2017","Technology","Approved","True","False","TGB Technology Review","Microsoft","Azure Usecase, High Frequency Data Collection","03/13/2017","Hybrid (Contains both cloud based and on premise components)","","Proof of Concept/Technology","Raise Awareness","True","Information Delivery :: Reporting & Analytics :: Analytics :: Data Exploration","","","","False","","False","","","","Microsoft | Azure Usecase, High Frequency Data Collection","No","0.0000","0.0000","Information Delivery :: Reporting & Analytics"
"65","TGB003.2017","01/19/2017","Technology","Approved","True","False","TGB Technology Review","Hortonworks","HDInsight","02/04/2017","Cloud Hosted Platform as a Service (PaaS)","","Proof of Concept/Technology","Seeking Approval","False","Middleware & Platform :: Integration & Data Management :: Data Management","","","","False","","False","","","","Hortonworks | HDInsight","No","0.0000","0.0000","Middleware & Platform :: Integration & Data Management"
"64","TGB003.2017","01/19/2017","Technology","Approved","True","False","TGB Technology Review","Microsoft","Azure Data Factory","02/04/2017","Cloud Hosted Platform as a Service (PaaS)","","Proof of Concept/Technology","Seeking Approval","False","Middleware & Platform :: Integration & Data Management :: Data Integration :: Extract Transform & Load (ETL)","","","","False","","False","","","","Microsoft | Azure Data Factory","No","0.0000","0.0000","Middleware & Platform :: Integration & Data Management"
"60","TGB003.2017","01/19/2017","Technology","Approved","True","False","TGB Technology Review","Microsoft","Azure Data Lake Analytics","02/04/2017","Cloud Hosted Platform as a Service (PaaS)","","Proof of Concept/Technology","Seeking Approval","False","Middleware & Platform :: Integration & Data Management :: Data Management","","","","False","","False","","","","Microsoft | Azure Data Lake Analytics","No","0.0000","0.0000","Middleware & Platform :: Integration & Data Management"
"59","TGB003.2017","01/19/2017","Technology","Approved","True","False","TGB Technology Review","Microsoft","Azure Data Lake Store","02/04/2017","Cloud Hosted Platform as a Service (PaaS)","","Proof of Concept/Technology","Seeking Approval","False","Middleware & Platform :: Integration & Data Management :: Data Management","","","","False","","False","","","","Microsoft | Azure Data Lake Store","No","0.0000","0.0000","Middleware & Platform :: Integration & Data Management"
"66","TGB003.2017","01/19/2017","Technology","Approved","True","False","TGB Technology Review","Microsoft","Azure Machine Learning","02/04/2017","Cloud Hosted Platform as a Service (PaaS)","","Proof of Concept/Technology","Seeking Approval","False","Information Delivery :: Reporting & Analytics :: Analytics :: Predictive Analytics","","","","False","","False","","","","Microsoft | Azure Machine Learning","No","0.0000","0.0000","Information Delivery :: Reporting & Analytics"
"63","TGB003.2017","01/19/2017","Technology","Approved","True","False","TGB Technology Review","Microsoft","Azure Stream Analytics","02/04/2017","Cloud Hosted Platform as a Service (PaaS)","","Proof of Concept/Technology","Seeking Approval","False","Middleware & Platform :: Integration & Data Management :: Data Integration","","","","False","","False","","","","Microsoft | Azure Stream Analytics","No","0.0000","0.0000","Middleware & Platform :: Integration & Data Management"
"62","TGB003.2017","01/19/2017","Technology","Approved","True","False","TGB Technology Review","Microsoft","Azure IoT Hub","02/04/2017","Cloud Hosted Platform as a Service (PaaS)","","Proof of Concept/Technology","Seeking Approval","False","Middleware & Platform :: Integration & Data Management :: Application Integration :: Message Queing","","","","False","","False","","","","Microsoft | Azure IoT Hub","No","0.0000","0.0000","Middleware & Platform :: Integration & Data Management"
"16","AIGB010.2017","01/26/2017","Application","Approved","True","False","AIGB Application Review","Microsoft","Office 365 StaffHub","12/15/2016","","Cloud Hosted Software as a Service (SaaS)","Pilot (Small Production Sample)","Consultation/Guidance","False","","Capital Project Management/Budget :: Planning and Budgeting","","Not Known at this Time","False","","False","","","","Microsoft | Office 365 StaffHub","No","0.0000","0.0000","Capital Project Management/Budget :: Planning and Budgeting"
"117","TGB034.2016","06/16/2016","Technology","Approved","False","False","TGB Technology Review","Seeq","Industrial Analytics","06/16/2016","On-Premises Platform","","Production","Seeking Approval","False","Information Delivery :: Reporting & Analytics :: Analytics","","","","False","","False","","","","Seeq | Industrial Analytics","No","0.0000","0.0000","Information Delivery :: Reporting & Analytics"
"116","TGB035.2016","06/16/2016","Technology","Approved","False","False","TGB Technology Review","SAS","IML","06/16/2016","On-Premises Platform","","Production","Seeking Approval","False","Information Delivery :: Reporting & Analytics :: Machine Learning","","","","False","","False","","","","SAS | IML","No","0.0000","0.0000","Information Delivery :: Reporting & Analytics"
"115","AIGB010.2016","06/16/2016","Application","Approved","False","False","AIGB Application Review","PMConnect","KM/Enterprise Social","06/16/2016","","On-Premises Hosted Application","Pilot (Small Production Sample)","Consultation/Guidance","False","","Enterprise :: Data and Information Management :: Knowledge Management","","Less than  25","True","","False","","","","PMConnect | KM/Enterprise Social","No","0.0000","0.0000","Enterprise :: Data and Information Management"
"114","TGB036.2016","06/16/2016","Technology","Approved","False","False","TGB Technology Review","DigitizeIt","DigitizeIt","06/06/2016","On-Premises Infrastructure","","Production","Seeking Approval","False","End User Computing :: Endpoint Computing :: Peripherals :: Printing & Printer Management","","","","False","","False","","","","DigitizeIt | DigitizeIt","No","0.0000","0.0000","End User Computing :: Endpoint Computing"
"113","AIGB009.2016","07/14/2016","Application","Approved","False","False","AIGB Application Review","SageRider","Well Ranger","07/14/2016","","On-Premises Hosted Application","Production","Seeking Approval","False","","Engineering :: Well Construction :: Well Drilling","","Less than  25","False","","False","","","","SageRider | Well Ranger","No","0.0000","0.0000","Engineering :: Well Construction"
"112","AIGB011.2016","07/14/2016","Application","Approved","False","False","AIGB Application Review","Sanvean","GameChanger","07/14/2016","","On-Premises Hosted Application","Production","Seeking Approval","False","","Engineering :: Production Asset Facility Development","","Less than  25","False","","False","","","","Sanvean | GameChanger","No","0.0000","0.0000","Engineering :: Production Asset Facility Development"
"111","TGB037.2016","07/14/2016","Technology","Approved","False","False","TGB Technology Review","Test Architect","Test Architect","07/14/2016","On-Premises Operations & Automation","","Production","Seeking Approval","False","Infrastructure :: Infrastructure Management","","","","False","","False","","","","Test Architect | Test Architect","No","0.0000","0.0000","Infrastructure :: Infrastructure Management"
"110","TGB038.2016","07/28/2016","Technology","Approved","False","False","TGB Technology Review","Project Jupyter","Jupyter","07/28/2016","On-Premises Platform","","Production","Seeking Approval","False","Information Delivery :: Reporting & Analytics :: Analytics :: Data Mining","","","","False","","False","","","","Project Jupyter | Jupyter","Yes","0.0000","0.0000","Information Delivery :: Reporting & Analytics"
"109","TGB039.2016","07/28/2016","Technology","Approved","False","False","TGB Technology Review","Accenture","iCARe - Informatica Code Audit and Review Tool","07/28/2016","On-Premises Infrastructure","","Production","Seeking Approval","False","Middleware & Platform :: Integration & Data Management :: Data Integration :: Extract Transform & Load (ETL)","","","","False","","False","","","","Accenture | iCARe - Informatica Code Audit and Review Tool","No","0.0000","0.0000","Middleware & Platform :: Integration & Data Management"
"108","TGB040.2016","08/11/2016","Technology","Approved","False","False","TGB Technology Review","CVision","PdfCompressor","08/11/2016","On-Premises Platform","","Production","Seeking Approval","False","Information Delivery :: Content Delivery :: Enterprise Content Management :: Document Automation","","","","False","","False","","","","CVision | PdfCompressor","No","0.0000","0.0000","Information Delivery :: Content Delivery"
"107","AIGB012.2016","09/08/2016","Application","Approved","False","False","AIGB Application Review","DNVGL","Synergi Water","09/08/2016","","On-Premises Hosted Application","Proof of Concept/Technology","Raise Awareness","False","","Operations :: Production Wells and Facilities Operations :: Production System Measurement","","Less than  25","False","","False","","","","DNVGL | Synergi Water","No","0.0000","0.0000","Operations :: Production Wells and Facilities Operations"
"106","AIGB013.2016","09/08/2016","Application","Approved","False","False","AIGB Application Review","ATR","Smart Procedures","09/08/2016","","On-Premises Hosted Application","Proof of Concept/Technology","Seeking Approval","False","","Environment, Health and Safety :: EHS Program Management","","Between 25 and 50","False","","False","","","","ATR | Smart Procedures","No","0.0000","0.0000","Environment, Health and Safety :: EHS Program Management"
"105","AIGB014.2016","09/18/2016","Application","Approved","False","False","AIGB Application Review","Siemens ","PLC programming software","09/08/2016","","On-Premises Hosted Application","Production","Seeking Approval","False","","Operations :: Production Wells and Facilities Operations :: Production System Measurement","","Between 25 and 50","False","","False","","","","Siemens  | PLC programming software","No","0.0000","0.0000","Operations :: Production Wells and Facilities Operations"
"104","AIGB015.2016","09/08/2016","Application","Approved","False","False","AIGB Application Review","NIST","Reference Fluid Thermodynamic and Transport Properties Database 23 (REFPROP)","09/08/2016","","On-Premises Hosted Application","Production","Seeking Approval","False","","Engineering :: Well Construction :: Well Drilling","","Less than  25","False","","False","","","","NIST | Reference Fluid Thermodynamic and Transport Properties Database 23 (REFPROP)","No","0.0000","0.0000","Engineering :: Well Construction"
"103","AIGB016.2016","09/22/2016","Application","Approved","False","False","AIGB Application Review","Landmark","DecisionSpace Well Planning","09/22/2016","","On-Premises Hosted Application","Production","Seeking Approval","False","","Geoscience :: Asset Exploration","","Between 25 and 50","True","","False","","","","Landmark | DecisionSpace Well Planning","No","0.0000","0.0000","Geoscience :: Asset Exploration"
"102","TGB041.2016","09/22/2016","Technology","Approved","True","False","TGB Technology Review","Hewlett Packard (HPE)","Operations Manager i (OMi)","09/22/2016","On-Premises Operations & Automation","","Production","Seeking Approval","False","Infrastructure :: Infrastructure Management :: Monitoring & Event Correlation","","","","False","","False","","","","Hewlett Packard (HPE) | Operations Manager i (OMi)","No","0.0000","0.0000","Infrastructure :: Infrastructure Management"
"101","TGB042.2016","09/22/2016","Technology","Denied","False","False","TGB Technology Review","Jaspersoft","Jasper Dashboards","09/22/2006","On-Premises Platform","","Production","Seeking Approval","False","Information Delivery :: Reporting & Analytics :: Reporting :: Visualization","","","","False","","False","","","","Jaspersoft | Jasper Dashboards","No","0.0000","0.0000","Information Delivery :: Reporting & Analytics"
"98","TGB043.2016","10/06/2016","Technology","Approved","True","False","TGB Technology Review","SAS","Contextual Analysis","10/06/2016","On-Premises Platform","","Production","Seeking Approval","False","Information Delivery :: Reporting & Analytics :: Analytics :: Advanced Analytics","","","","False","","False","","","","SAS | Contextual Analysis","No","0.0000","0.0000","Information Delivery :: Reporting & Analytics"
"100","TGB043.2016","10/06/2016","Technology","Approved","True","False","TGB Technology Review","SAS","High-Performance Data Mining","10/06/2016","On-Premises Platform","","Production","Seeking Approval","False","Information Delivery :: Reporting & Analytics :: Analytics :: Data Mining","","","","False","","False","","","","SAS | High-Performance Data Mining","No","0.0000","0.0000","Information Delivery :: Reporting & Analytics"
"97","TGB043.2016","10/06/2016","Technology","Approved","True","False","TGB Technology Review","SAS","Forecast Server","10/06/2016","On-Premises Platform","","Production","Seeking Approval","False","Information Delivery :: Reporting & Analytics :: Analytics","","","","False","","False","","","","SAS | Forecast Server","No","0.0000","0.0000","Information Delivery :: Reporting & Analytics"
"99","TGB043.2016","10/06/2016","Technology","Approved","True","False","TGB Technology Review","SAS","Sentiment Analysis","10/06/2016","On-Premises Platform","","Production","Seeking Approval","False","Information Delivery :: Reporting & Analytics :: Analytics :: Advanced Analytics","","","","False","","False","","","","SAS | Sentiment Analysis","No","0.0000","0.0000","Information Delivery :: Reporting & Analytics"
"96","AIGB017.2016","10/06/2016","Application","Approved","False","False","AIGB Application Review","Cerberus","Cerberus","10/06/2016","","On-Premises Hosted Application","Production","Raise Awareness","False","","Engineering :: Well Construction :: Well Drilling","","Not Known at this Time","False","","False","","","","Cerberus | Cerberus","No","0.0000","0.0000","Engineering :: Well Construction"
"95","AIGB018.2016","10/20/2016","Application","Approved","False","False","AIGB Application Review","Devon","Convert Land Agreements to Structured Data","10/13/2016","","On-Premises Hosted Application","Research & Development","Consultation/Guidance","False","","Land","","Not Known at this Time","False","","False","","","","Devon | Convert Land Agreements to Structured Data","No","0.0000","0.0000","Land"
"93","AIGB019.2016","10/20/2016","Integration","Approved","False","False","AIGB Integration Review","","","10/20/2016","","","Production","Seeking Approval","False","","","","","False","Managed ETL (Batch Extract, Transform, and Load)","False","Engineering :: Well Construction;Enterprise :: Well Status;Geoscience :: Well","Wellview","Actenum","Interface |  Wellview <> Actenum","No","0.0000","0.0000","Integration"
"92","AIGB020.2016","10/20/2016","Integration","Approved","False","False","AIGB Integration Review","","","10/20/2016","","","Production","Seeking Approval","False","","","","","False","Proprietary Connector","False","Capital Project Management/Budget :: Portfolio","Wellview","Enersight","Interface |  Wellview <> Enersight","No","0.0000","0.0000","Integration"
"88","AIGB021.2016","11/03/2016","Application","No Decision (ITAG Informed Only)","False","False","AIGB Application Review","Devon","Corporate News App","11/03/2016","","Cloud Hosted Platform as a Service (PaaS)","Production","Seeking Approval","False","","Corporate :: Corporate Operations :: Corporate Communications","","Not Known at this Time","False","","False","","","","Devon | Corporate News App","No","0.0000","0.0000","Corporate :: Corporate Operations"
"89","AIGB021.2016","11/03/2016","Application","No Decision (ITAG Informed Only)","False","False","AIGB Application Review","Devon","Gallerific App","11/03/2016","","Cloud Hosted Platform as a Service (PaaS)","Research & Development","Raise Awareness","False","","Corporate :: Corporate Operations :: Corporate Communications","","Greater than 50","False","","False","","","","Devon | Gallerific App","No","0.0000","0.0000","Corporate :: Corporate Operations"
"90","AIGB021.2016","11/03/2016","Application","No Decision (ITAG Informed Only)","False","False","AIGB Application Review","Devon","Image Slider","11/03/2016","","Cloud Hosted Platform as a Service (PaaS)","Research & Development","Raise Awareness","False","","Corporate :: Corporate Operations :: Corporate Communications","","Greater than 50","False","","False","","","","Devon | Image Slider","No","0.0000","0.0000","Corporate :: Corporate Operations"
"87","AIGB021.2016","11/03/2016","Application","No Decision (ITAG Informed Only)","False","False","AIGB Application Review","Devon","Picture Library Photo Wall","11/03/2016","","Cloud Hosted Platform as a Service (PaaS)","Production","Seeking Approval","False","","Corporate :: Corporate Operations :: Corporate Communications","","Greater than 50","False","","False","","","","Devon | Picture Library Photo Wall","No","0.0000","0.0000","Corporate :: Corporate Operations"
"91","AIGB021.2016","11/03/2016","Application","No Decision (ITAG Informed Only)","False","False","AIGB Application Review","Devon","Stock Ticker","11/03/2016","","Cloud Hosted Platform as a Service (PaaS)","Production","Seeking Approval","False","","Corporate :: Corporate Operations :: Corporate Communications","","Not Known at this Time","False","","False","","","","Devon | Stock Ticker","No","0.0000","0.0000","Corporate :: Corporate Operations"
"86","AIGB022.2016","11/03/2016","Application","Approved","False","False","AIGB Application Review","LMKR","GeoGraphix PRIZM","11/03/2016","","On-Premises Hosted Application","Pilot (Small Production Sample)","Raise Awareness","False","","Geoscience :: Asset Exploration","","Less than  25","False","","False","","","","LMKR | GeoGraphix PRIZM","No","0.0000","0.0000","Geoscience :: Asset Exploration"
"79","AIGB020.2017","03/09/2017","Application","Approved","False","True","AIGB Application Review","IKON Science","RokDoc (GeoMechanics and Pressure Prediction)","03/01/2017","","On-Premises Hosted Application","Pilot (Small Production Sample)","Raise Awareness","False","","Geoscience","","Less than  25","True","","False","","","","IKON Science | RokDoc (GeoMechanics and Pressure Prediction)","No","25000","0.0000","Geoscience"
"18","AIGB021.2017","03/09/2017","Application","No Decision (ITAG Informed Only)","False","False","AIGB Application Review","Nomadis","Nomadis Travel Accomodation and Workforce Scheduling","12/15/2016","","Cloud Hosted Software as a Service (SaaS)","Production","Raise Awareness","False","","Supply Chain :: Transportation and Logistics :: Transportation and Logistics Management","","Greater than 50","True","","False","","","","Nomadis | Nomadis Travel Accomodation and Workforce Scheduling","No","0.0000","240000","Supply Chain :: Transportation and Logistics"
"80","AIGB022.2017","03/09/2017","Application","Approved","False","False","AIGB Application Review","Planview","Troux ","03/02/2017","","Cloud Hosted Software as a Service (SaaS)","Production","Seeking Approval","False","","Information Technology :: IT Planning :: IT Portfolio Management","","Greater than 50","True","","False","","","","Planview | Troux ","No","216000","0.0000","Information Technology :: IT Planning"
"120","TGB048.2016","02/04/2016","Technology","Approved","False","True","TGB Technology Review","VMWare","Airwatch MDM / MAM","02/04/2016","Hybrid (Contains both cloud based and on premise components)","","Production","Seeking Approval","False","End User Computing :: Endpoint Computing :: Mobile Computing Management","","","","False","","False","","","","VMWare | Airwatch MDM / MAM","No","0.0000","0.0000","End User Computing :: Endpoint Computing"
"121","TGB049.2016","02/04/2016","Technology","Approved","False","True","TGB Technology Review","Apache Foundation","NiFi","02/04/2016","On-Premises Platform","","Production","Seeking Approval","False","Middleware & Platform :: Integration & Data Management :: Application Integration :: Message Queing","","","","False","","False","","","","Apache Foundation | NiFi","Yes","0.0000","0.0000","Middleware & Platform :: Integration & Data Management"
"82","TGB009.2017","03/09/2017","Application","Approved","True","True","AIGB Application Review","x.ai","x.ai Personal Assistant","03/07/2017","","Cloud Hosted Software as a Service (SaaS)","Pilot (Small Production Sample)","Seeking Approval","False","","Enterprise","","Less than  25","False","","False","","","","x.ai | x.ai Personal Assistant","No","0.0000","0.0000","Enterprise"
"122","AIGB023.2017","03/23/2017","Application","Approved","True","True","AIGB Application Review","Rose & Associates","ProjectRA","03/21/2017","","Hybrid (Contains both cloud based and on premises components)","Proof of Concept/Technology","Raise Awareness","False","","Engineering :: Reservoir Characterization","","Between 25 and 50","True","","False","","","","Rose & Associates | ProjectRA","No","0.0000","0.0000","Engineering :: Reservoir Characterization"
"124","TGB010.2017","03/30/2017","Technology","Approved","False","True","TGB Technology Review","IBM","BPM Cloud - Bluemix","03/28/2017","Hybrid (Contains both cloud based and on premise components)","","Pilot (Small Production Sample)","Seeking Approval","False","Middleware & Platform :: Integration & Data Management :: Business Process Management (BPM) & Workflow :: Business Process Management","","","","False","","False","","","","IBM | BPM Cloud - Bluemix","No","20000","0.0000","Middleware & Platform :: Integration & Data Management"
"78","TGB011.2017","03/30/2017","Technology","Approved","False","False","TGB Technology Review","Microsoft","Visual Studio Team Services","02/27/2017","Cloud Hosted Software as a Service (SaaS)","","Production","Seeking Approval","False","Middleware & Platform :: Application Platform Services :: Application Development Lifecycle Management","","","","False","","False","","","","Microsoft | Visual Studio Team Services","No","0.0000","0.0000","Middleware & Platform :: Application Platform Services"
"84","TGB012.2017","03/30/2017","Technology","Approved","False","False","TGB Technology Review","Wombat Security Technologies","Anti-Phishing Suite","03/09/2017","Cloud Hosted Software as a Service (SaaS)","","Production","Seeking Approval","False","Digital Security :: Preventative Security","","","","False","","False","","","","Wombat Security Technologies | Anti-Phishing Suite","No","45000","0.0000","Digital Security :: Preventative Security"
"76","TGB013.2017","02/16/2017","Technology","Approved","False","False","TGB Technology Review","Informatica","Informatica Power Exchange for Cloud Applications - Azure Blob Storage","02/16/2017","Cloud Hosted Software as a Service (SaaS)","On-Premises Hosted Application","Research & Development","Seeking Approval","False","Middleware & Platform :: Integration & Data Management :: Data Integration","","","Less than  25","True","","False","","","","Informatica | Informatica Power Exchange for Cloud Applications - Azure Blob Storage","No","0.0000","0.0000","Middleware & Platform :: Integration & Data Management"
"130","TGB014.2017","04/27/2017","Technology","Approved","True","False","TGB Technology Review","ExtraHop","ExtraHop Discover Appliance","04/19/2017","On-Premises Infrastructure","","Proof of Concept/Technology","Raise Awareness","True","Digital Security :: Detective Security :: Network Based Forensics :: Network Packet Analytics","","","","False","","False","","","","ExtraHop | ExtraHop Discover Appliance","No","40000","200000","Digital Security :: Detective Security"
"127","TGB015.2017","04/27/2017","Technology","Approved","True","False","TGB Technology Review","TensorFlow","TensorFlow","04/27/2017","Cloud Hosted Infrastructure as a Service (IaaS)","","Research & Development","Consultation/Guidance","False","Information Delivery :: Reporting & Analytics :: Machine Learning","","","","False","","False","","","","TensorFlow | TensorFlow","Yes","15000","0.0000","Information Delivery :: Reporting & Analytics"
"138","AIGB024.2017","05/04/2017","Application","Approved","False","False","AIGB Application Review","Schlumberger","Peep Bulk Update Plugin","05/04/2017","","On-Premises Hosted Application","Production","Seeking Approval","False","","Engineering :: Reservoir Characterization :: Reservoir Financial Evaluation","","Less than  25","False","","False","","","","Schlumberger | Peep Bulk Update Plugin","No","0.0000","0.0000","Engineering :: Reservoir Characterization"
"137","AIGB025.2017","05/04/2017","Technology","Approved","False","False","AIGB Application Review","Harvard CBI","Lightsheet CZI to TIFF Image  Converter","05/04/2017","","On-Premises Hosted Application","Pilot (Small Production Sample)","Seeking Approval","False","","Geoscience","","Less than  25","False","","False","","","","Harvard CBI | Lightsheet CZI to TIFF Image  Converter","No","0.0000","0.0000","Geoscience"
"132","AIGB025.2017","05/04/2017","Application","Approved","True","False","AIGB Application Review","Golder","FracMan","05/04/2017","","On-Premises Hosted Application","Pilot (Small Production Sample)","Seeking Approval","False","","Geoscience","","Less than  25","True","","False","","","","Golder | FracMan","No","15000","75000","Geoscience"
"128","AIGB026.2017","05/04/2017","Application","Approved","True","True","AIGB Application Review","Agile Upstream","Agile Land Insights (ALI)","04/19/2017","","Cloud Hosted Software as a Service (SaaS)","Proof of Concept/Technology","Seeking Approval","False","","Land","","Less than  25","False","","False","","","","Agile Upstream | Agile Land Insights (ALI)","No","4320","50000","Land"
"142","TGB016.2017","05/11/2017","Technology","Approved","True","False","TGB Technology Review","Postdot Technologies","Postman","05/11/2017","On-Premises Platform","","Production","Seeking Approval","False","Middleware & Platform :: Application Platform Services :: Application Development Lifecycle Management :: Application Build & Test","","","","False","","False","","","","Postdot Technologies | Postman","Yes","0.0000","0.0000","Middleware & Platform :: Application Platform Services"
"145","TGB017.2017","05/11/2017","Technology","Approved","False","False","TGB Technology Review","RISC Networks","CloudScape","05/11/2017","Hybrid (Contains both cloud based and on premise components)","","Production","Seeking Approval","True","Infrastructure :: Infrastructure Management :: Virtual Infrastructure Management","","","","False","","False","","","","RISC Networks | CloudScape","No","0.0000","0.0000","Infrastructure :: Infrastructure Management"
"140","TGB017.2017","05/11/2017","Technology","Approved","False","False","TGB Technology Review","CloudEndure","LiveMigration","05/11/2017","Hybrid (Contains both cloud based and on premise components)","","Production","Seeking Approval","True","Infrastructure :: Infrastructure Management :: Virtual Infrastructure Management","","","","False","","False","","","","CloudEndure | LiveMigration","No","0.0000","0.0000","Infrastructure :: Infrastructure Management"
"136","TGB018.2017","05/11/2017","Technology","Approved","True","False","TGB Technology Review","Microsoft","Visual Studio Mobile Center","05/04/2017","Cloud Hosted Software as a Service (SaaS)","","Production","Seeking Approval","False","End User Computing :: Endpoint Computing :: Mobile Computing Management :: Mobile Application Management (MAM)","","","","False","","False","","","","Microsoft | Visual Studio Mobile Center","No","4335","300","End User Computing :: Endpoint Computing"
"144","AIGB027.2017","05/18/2017","Application","Approved","True","False","AIGB Application Review","Accenture","Automation Identification Diagnostic Tool","05/12/2017","","On-Premises Hosted Application","Proof of Concept/Technology","Seeking Approval","False","","Finance and Accounting :: Accounting Management","","Less than  25","True","","False","","","","Accenture | Automation Identification Diagnostic Tool","No","0.0000","0.0000","Finance and Accounting :: Accounting Management"
"139","AIGB028.2017","05/18/2017","Application","Approved","False","False","AIGB Application Review","Articulate","Articulate 360","05/09/2017","","Cloud Hosted Software as a Service (SaaS)","Production","Seeking Approval","False","","Environment, Health and Safety :: EHS Training","","Less than  25","False","","False","","","","Articulate | Articulate 360","No","8800","0.0000","Environment, Health and Safety :: EHS Training"
